-- phpMyAdmin SQL Dump
-- version 5.2.1
-- https://www.phpmyadmin.net/
--
-- Host: 127.0.0.1
-- Generation Time: Nov 01, 2023 at 05:54 PM
-- Server version: 10.4.28-MariaDB
-- PHP Version: 8.0.28

SET SQL_MODE = "NO_AUTO_VALUE_ON_ZERO";
START TRANSACTION;
SET time_zone = "+00:00";


/*!40101 SET @OLD_CHARACTER_SET_CLIENT=@@CHARACTER_SET_CLIENT */;
/*!40101 SET @OLD_CHARACTER_SET_RESULTS=@@CHARACTER_SET_RESULTS */;
/*!40101 SET @OLD_COLLATION_CONNECTION=@@COLLATION_CONNECTION */;
/*!40101 SET NAMES utf8mb4 */;

--
-- Database: `bar_pos`
--

-- --------------------------------------------------------

--
-- Table structure for table `tbl_booking`
--

CREATE TABLE `tbl_booking` (
  `booking_id` int(11) NOT NULL,
  `table_id` int(11) NOT NULL,
  `booking_name` varchar(100) NOT NULL,
  `person` int(11) NOT NULL,
  `booking_date` date NOT NULL,
  `booking_time` time NOT NULL,
  `booking_phone` varchar(10) NOT NULL,
  `dateCreate` datetime NOT NULL
) ENGINE=InnoDB DEFAULT CHARSET=utf8 COLLATE=utf8_general_ci;

--
-- Dumping data for table `tbl_booking`
--

INSERT INTO `tbl_booking` (`booking_id`, `table_id`, `booking_name`, `person`, `booking_date`, `booking_time`, `booking_phone`, `dateCreate`) VALUES
(3, 0, 'รัชพล', 2, '2023-10-31', '15:52:00', '0944465110', '2023-10-31 23:49:15'),
(4, 0, 'รัชพล', 2, '2023-10-31', '15:54:00', '0935637888', '2023-10-31 23:50:59'),
(6, 0, 'นิติ44', 2, '2023-11-01', '07:45:00', '0848848884', '2023-11-01 01:39:51'),
(7, 0, 'ดุสิตา', 2, '2023-11-01', '06:14:00', '0934417772', '2023-11-01 02:14:59'),
(11, 0, 'สมหมาย', 2, '2023-11-01', '19:50:00', '0944465110', '2023-11-01 17:49:13');

-- --------------------------------------------------------

--
-- Table structure for table `tbl_cart`
--

CREATE TABLE `tbl_cart` (
  `id` int(11) NOT NULL,
  `table_id` int(11) NOT NULL,
  `person` int(11) NOT NULL,
  `date` datetime NOT NULL DEFAULT current_timestamp()
) ENGINE=InnoDB DEFAULT CHARSET=utf8 COLLATE=utf8_general_ci;

--
-- Dumping data for table `tbl_cart`
--

INSERT INTO `tbl_cart` (`id`, `table_id`, `person`, `date`) VALUES
(102, 1, 2, '2023-11-01 23:18:25'),
(103, 2, 2, '2023-11-01 23:40:10');

-- --------------------------------------------------------

--
-- Table structure for table `tbl_cart_item`
--

CREATE TABLE `tbl_cart_item` (
  `id` int(11) NOT NULL,
  `table_id` int(11) NOT NULL,
  `product_id` int(11) NOT NULL,
  `qty` int(11) NOT NULL
) ENGINE=InnoDB DEFAULT CHARSET=utf8 COLLATE=utf8_general_ci;

--
-- Dumping data for table `tbl_cart_item`
--

INSERT INTO `tbl_cart_item` (`id`, `table_id`, `product_id`, `qty`) VALUES
(114, 2, 15, 1),
(115, 2, 16, 1);

-- --------------------------------------------------------

--
-- Table structure for table `tbl_member`
--

CREATE TABLE `tbl_member` (
  `mem_id` int(3) UNSIGNED ZEROFILL NOT NULL,
  `mem_level` int(11) NOT NULL,
  `mem_name` varchar(50) NOT NULL,
  `mem_username` varchar(20) NOT NULL,
  `mem_password` varchar(100) NOT NULL,
  `mem_img` varchar(200) NOT NULL,
  `dateinsert` timestamp NOT NULL DEFAULT current_timestamp()
) ENGINE=MyISAM DEFAULT CHARSET=utf8 COLLATE=utf8_general_ci;

--
-- Dumping data for table `tbl_member`
--

INSERT INTO `tbl_member` (`mem_id`, `mem_level`, `mem_name`, `mem_username`, `mem_password`, `mem_img`, `dateinsert`) VALUES
(001, 1, 'Admin', 'admin', 'd033e22ae348aeb5660fc2140aec35850c4da997', '203842661320230918_204331.png', '2019-09-04 03:40:46'),
(029, 2, 'staff', 'staff', '8effee409c625e1a2d8f5033631840e6ce1dcb64', '62773583020230920_231504.png', '2023-09-18 13:30:52'),
(038, 3, 'A01', 'a01', '1defe9861d85b211e064d5ff75d8aefb4b8b8387', 'man.png', '2023-11-01 16:38:33'),
(039, 3, 'A02', 'a02', 'fa8b58072c5e19c6d999971c2510163f800ea526', 'man.png', '2023-11-01 16:39:34'),
(040, 3, 'A03', 'a03', '50005ba1dcef436c12f044dd65df1a30f4a1aa0b', 'man.png', '2023-11-01 16:44:14');

-- --------------------------------------------------------

--
-- Table structure for table `tbl_order`
--

CREATE TABLE `tbl_order` (
  `order_id` int(4) UNSIGNED ZEROFILL NOT NULL,
  `mem_id` int(11) NOT NULL,
  `receive_name` varchar(100) NOT NULL COMMENT 'ชื่อผู้รับ',
  `order_status` int(1) NOT NULL,
  `b_name` varchar(100) DEFAULT NULL COMMENT 'ชื่อธนาคาร',
  `pay_amount` float(10,2) DEFAULT NULL,
  `pay_amount2` float(10,2) NOT NULL,
  `order_date` datetime NOT NULL
) ENGINE=MyISAM DEFAULT CHARSET=utf8 COLLATE=utf8_unicode_ci;

--
-- Dumping data for table `tbl_order`
--

INSERT INTO `tbl_order` (`order_id`, `mem_id`, `receive_name`, `order_status`, `b_name`, `pay_amount`, `pay_amount2`, `order_date`) VALUES
(0001, 29, 'ลูกค้าหน้าร้าน', 4, 'ชำระหน้าร้าน', 60.00, 60.00, '2023-10-25 20:35:42'),
(0002, 29, 'ลูกค้าหน้าร้าน', 4, 'ชำระหน้าร้าน', 90.00, 90.00, '2023-10-25 20:36:10'),
(0003, 29, 'ลูกค้าหน้าร้าน', 4, 'ชำระหน้าร้าน', 60.00, 60.00, '2023-10-25 21:45:29'),
(0004, 29, 'ลูกค้าหน้าร้าน', 4, 'ชำระหน้าร้าน', 340.00, 340.00, '2023-10-25 21:45:56'),
(0005, 29, 'ลูกค้าหน้าร้าน', 1, 'ชำระหน้าร้าน', 160.00, 160.00, '2023-10-25 21:47:57'),
(0006, 29, 'ลูกค้าหน้าร้าน', 1, 'ชำระหน้าร้าน', 160.00, 160.00, '2023-10-25 21:50:54'),
(0007, 29, 'ลูกค้าหน้าร้าน', 4, 'ชำระหน้าร้าน', 30.00, 30.00, '2023-10-25 21:54:37'),
(0008, 29, 'ลูกค้าหน้าร้าน', 4, 'ชำระหน้าร้าน', 5520.00, 5520.00, '2023-10-25 22:14:34'),
(0009, 29, 'ลูกค้าหน้าร้าน', 4, 'ชำระหน้าร้าน', 60.00, 60.00, '2023-10-25 22:50:57'),
(0010, 29, 'ลูกค้าหน้าร้าน', 4, 'ชำระหน้าร้าน', 250.00, 0.00, '2023-10-31 14:51:18'),
(0011, 29, 'ลูกค้าหน้าร้าน', 4, 'ชำระหน้าร้าน', 430.00, 1561.00, '2023-10-31 15:22:23'),
(0012, 29, 'ลูกค้าหน้าร้าน', 4, 'ชำระหน้าร้าน', 1640.00, 5457.00, '2023-10-31 20:03:15'),
(0013, 29, 'ลูกค้าหน้าร้าน', 4, 'ชำระหน้าร้าน', 1640.00, 5457.00, '2023-10-31 20:05:10'),
(0014, 29, 'ลูกค้าหน้าร้าน', 4, 'ชำระหน้าร้าน', 1640.00, 4000.00, '2023-10-31 20:11:19'),
(0015, 29, 'ลูกค้าหน้าร้าน', 4, 'ชำระหน้าร้าน', 270.00, 345.00, '2023-10-31 20:12:26'),
(0016, 29, 'ลูกค้าหน้าร้าน', 4, 'ชำระหน้าร้าน', 420.00, 500.00, '2023-10-31 20:14:04'),
(0017, 29, 'ลูกค้าหน้าร้าน', 4, 'ชำระหน้าร้าน', 30.00, 30.00, '2023-10-31 20:18:57'),
(0018, 29, 'ลูกค้าหน้าร้าน', 4, 'ชำระหน้าร้าน', 30.00, 30.00, '2023-10-31 20:24:33'),
(0019, 29, 'ลูกค้าหน้าร้าน', 4, 'ชำระหน้าร้าน', 180.00, 180.00, '2023-10-31 20:26:46'),
(0020, 29, 'ลูกค้าหน้าร้าน', 4, 'ชำระหน้าร้าน', 160.00, 160.00, '2023-10-31 21:14:32'),
(0021, 29, 'ลูกค้าหน้าร้าน', 4, 'ชำระหน้าร้าน', 150.00, 150.00, '2023-10-31 21:14:46'),
(0022, 29, 'ลูกค้าหน้าร้าน', 4, 'ชำระหน้าร้าน', 0.00, 0.00, '2023-10-31 21:15:34'),
(0023, 29, 'ลูกค้าหน้าร้าน', 4, 'ชำระหน้าร้าน', 30.00, 30.00, '2023-10-31 21:23:29'),
(0024, 29, 'ลูกค้าหน้าร้าน', 4, 'ชำระหน้าร้าน', 310.00, 310.00, '2023-10-31 21:23:58'),
(0025, 29, 'ลูกค้าหน้าร้าน', 4, 'ชำระหน้าร้าน', 60.00, 60.00, '2023-10-31 21:35:16'),
(0026, 29, 'ลูกค้าหน้าร้าน', 4, 'ชำระหน้าร้าน', 150.00, 150.00, '2023-10-31 21:46:53'),
(0027, 29, 'ลูกค้าหน้าร้าน', 4, 'ชำระหน้าร้าน', 30.00, 30.00, '2023-10-31 21:47:05'),
(0028, 29, 'ลูกค้าหน้าร้าน', 4, 'ชำระหน้าร้าน', 30.00, 30.00, '2023-10-31 21:47:17'),
(0029, 29, 'ลูกค้าหน้าร้าน', 4, 'ชำระหน้าร้าน', 0.00, 0.00, '2023-10-31 21:47:29'),
(0030, 29, 'ลูกค้าหน้าร้าน', 4, 'ชำระหน้าร้าน', 30.00, 30.00, '2023-10-31 21:48:00'),
(0031, 29, 'ลูกค้าหน้าร้าน', 4, 'ชำระหน้าร้าน', 30.00, 30.00, '2023-10-31 21:49:24'),
(0032, 29, 'ลูกค้าหน้าร้าน', 4, 'ชำระหน้าร้าน', 30.00, 30.00, '2023-10-31 23:21:56'),
(0033, 29, 'ลูกค้าหน้าร้าน', 4, 'ชำระหน้าร้าน', 30.00, 30.00, '2023-10-31 23:23:11'),
(0034, 29, 'ลูกค้าหน้าร้าน', 4, 'ชำระหน้าร้าน', 30.00, 30.00, '2023-10-31 23:24:40'),
(0035, 29, 'ลูกค้าหน้าร้าน', 4, 'ชำระหน้าร้าน', 30.00, 30.00, '2023-10-31 23:24:40'),
(0036, 29, 'ลูกค้าหน้าร้าน', 4, 'ชำระหน้าร้าน', 150.00, 150.00, '2023-10-31 23:29:08'),
(0037, 29, 'ลูกค้าหน้าร้าน', 4, 'ชำระหน้าร้าน', 290.00, 290.00, '2023-10-31 23:29:30'),
(0038, 29, 'ลูกค้าหน้าร้าน', 4, 'ชำระหน้าร้าน', 0.00, 0.00, '2023-10-31 23:30:33'),
(0039, 29, 'ลูกค้าหน้าร้าน', 4, 'ชำระหน้าร้าน', 30.00, 30.00, '2023-10-31 23:36:35'),
(0040, 29, 'ลูกค้าหน้าร้าน', 4, 'ชำระหน้าร้าน', 30.00, 30.00, '2023-10-31 23:52:32'),
(0041, 29, 'ลูกค้าหน้าร้าน', 4, 'ชำระหน้าร้าน', 30.00, 30.00, '2023-10-31 23:53:05'),
(0042, 29, 'ลูกค้าหน้าร้าน', 4, 'ชำระหน้าร้าน', 30.00, 30.00, '2023-10-31 23:53:49'),
(0043, 29, 'ลูกค้าหน้าร้าน', 4, 'ชำระหน้าร้าน', 310.00, 310.00, '2023-10-31 23:55:38'),
(0044, 29, 'ลูกค้าหน้าร้าน', 4, 'ชำระหน้าร้าน', 260.00, 260.00, '2023-11-01 01:20:16'),
(0045, 29, 'ลูกค้าหน้าร้าน', 4, 'ชำระหน้าร้าน', 260.00, 260.00, '2023-11-01 01:21:08'),
(0046, 29, 'ลูกค้าหน้าร้าน', 4, 'ชำระหน้าร้าน', 260.00, 260.00, '2023-11-01 01:22:29'),
(0047, 29, 'ลูกค้าหน้าร้าน', 4, 'ชำระหน้าร้าน', 280.00, 280.00, '2023-11-01 02:21:54'),
(0048, 29, 'ลูกค้าหน้าร้าน', 4, 'ชำระหน้าร้าน', 150.00, 150.00, '2023-11-01 02:28:17'),
(0049, 29, 'ลูกค้าที่โต๊ะ', 4, 'ชำระหน้าร้าน', 280.00, 280.00, '2023-11-01 02:33:09'),
(0050, 29, 'ลูกค้าที่โต๊ะ', 4, 'ชำระหน้าร้าน', 280.00, 280.00, '2023-11-01 02:34:27'),
(0051, 29, 'ลูกค้าที่โต๊ะ', 4, 'ชำระหน้าร้าน', 380.00, 380.00, '2023-11-01 02:37:23'),
(0052, 29, 'ลูกค้าหน้าร้าน', 4, 'ชำระหน้าร้าน', 380.00, 380.00, '2023-11-01 02:42:18'),
(0053, 29, 'ลูกค้าหน้าร้าน', 4, 'ชำระหน้าร้าน', 280.00, 280.00, '2023-11-01 02:42:57'),
(0054, 29, 'ลูกค้าหน้าร้าน', 4, 'ชำระหน้าร้าน', 380.00, 380.00, '2023-11-01 02:44:09'),
(0055, 29, 'ลูกค้าหน้าร้าน', 4, 'ชำระหน้าร้าน', 380.00, 380.00, '2023-11-01 02:44:09'),
(0056, 29, 'ลูกค้าหน้าร้าน', 4, 'ชำระหน้าร้าน', 380.00, 380.00, '2023-11-01 02:44:09'),
(0057, 29, 'ลูกค้าหน้าร้าน', 4, 'ชำระหน้าร้าน', 380.00, 380.00, '2023-11-01 02:44:09'),
(0058, 29, 'ลูกค้าหน้าร้าน', 4, 'ชำระหน้าร้าน', 380.00, 380.00, '2023-11-01 02:44:09'),
(0059, 29, 'ลูกค้าหน้าร้าน', 4, 'ชำระหน้าร้าน', 280.00, 280.00, '2023-11-01 02:45:27'),
(0060, 29, 'ลูกค้าหน้าร้าน', 4, 'ชำระหน้าร้าน', 400.00, 400.00, '2023-11-01 02:48:20'),
(0061, 29, 'ลูกค้าหน้าร้าน', 4, 'ชำระหน้าร้าน', 190.00, 190.00, '2023-11-01 06:28:52'),
(0062, 29, 'ลูกค้าหน้าร้าน', 4, 'ชำระหน้าร้าน', 210.00, 210.00, '2023-11-01 06:30:24'),
(0063, 29, 'ลูกค้าหน้าร้าน', 4, 'ชำระหน้าร้าน', 690.00, 690.00, '2023-11-01 06:42:37'),
(0064, 29, 'ลูกค้าหน้าร้าน', 4, 'ชำระหน้าร้าน', 430.00, 430.00, '2023-11-01 08:11:26'),
(0065, 29, 'ลูกค้าหน้าร้าน', 4, 'ชำระหน้าร้าน', 30.00, 30.00, '2023-11-01 08:35:12'),
(0066, 29, 'ลูกค้าหน้าร้าน', 2, 'ชำระหน้าร้าน', 30.00, 30.00, '2023-11-01 09:13:22'),
(0073, 29, 'ลูกค้านั่งโต๊ะ', 2, 'ชำระ PromptPay', 420.00, 420.00, '2023-11-01 16:09:26'),
(0069, 29, 'ลูกค้าหน้าร้าน', 2, 'ชำระเงินสด', 300.00, 300.00, '2023-11-01 09:41:20'),
(0070, 29, 'ลูกค้าหน้าร้าน', 2, 'ชำระ PromptPay', 150.00, 0.00, '2023-11-01 09:41:49'),
(0071, 29, 'ลูกค้าหน้าร้าน', 2, 'ชำระหน้าร้าน', 310.00, 310.00, '2023-11-01 09:46:42'),
(0072, 29, 'ลูกค้านั่งโต๊ะ', 2, 'ชำระ PromptPay', 430.00, 430.00, '2023-11-01 09:49:20'),
(0074, 29, 'ลูกค้านั่งโต๊ะ', 2, 'ชำระ PromptPay', 320.00, 320.00, '2023-11-01 21:24:10'),
(0075, 29, 'ลูกค้านั่งโต๊ะ', 2, '', 360.00, 360.00, '2023-11-01 21:45:45'),
(0076, 29, 'ลูกค้านั่งโต๊ะ', 2, 'ชำระเงินสด', 250.00, 250.00, '2023-11-01 21:49:14'),
(0077, 29, 'ลูกค้าหน้าร้าน', 2, '', 440.00, 440.00, '2023-11-01 22:04:10'),
(0078, 29, 'ลูกค้านั่งโต๊ะ', 2, '', 280.00, 280.00, '2023-11-01 22:06:59'),
(0079, 29, 'ลูกค้าหน้าร้าน', 2, '', 310.00, 310.00, '2023-11-01 22:07:29'),
(0080, 29, 'ลูกค้านั่งโต๊ะ', 2, 'ชำระเงินสด', 30.00, 30.00, '2023-11-01 22:09:38'),
(0081, 29, 'ลูกค้านั่งโต๊ะ', 2, 'ชำระเงินสด', 180.00, 180.00, '2023-11-01 22:17:34'),
(0082, 29, 'ลูกค้าหน้าร้าน', 2, 'ชำระ PromptPay', 260.00, 260.00, '2023-11-01 22:23:01'),
(0083, 29, 'ลูกค้านั่งโต๊ะ', 2, 'ชำระ PromptPay', 160.00, 160.00, '2023-11-01 22:27:10');

-- --------------------------------------------------------

--
-- Table structure for table `tbl_order_detail`
--

CREATE TABLE `tbl_order_detail` (
  `d_id` int(10) NOT NULL,
  `order_id` int(11) NOT NULL COMMENT 'tbl_order',
  `p_id` int(11) NOT NULL COMMENT 'tbl_product',
  `p_c_qty` int(11) NOT NULL COMMENT 'product qty',
  `total` float NOT NULL COMMENT 'product x qty'
) ENGINE=MyISAM DEFAULT CHARSET=utf8 COLLATE=utf8_unicode_ci;

--
-- Dumping data for table `tbl_order_detail`
--

INSERT INTO `tbl_order_detail` (`d_id`, `order_id`, `p_id`, `p_c_qty`, `total`) VALUES
(1, 1, 15, 1, 30),
(2, 1, 16, 1, 30),
(3, 2, 15, 1, 30),
(4, 2, 16, 1, 30),
(5, 2, 18, 1, 30),
(6, 3, 15, 1, 30),
(7, 3, 16, 1, 30),
(8, 4, 16, 1, 30),
(9, 4, 18, 1, 30),
(10, 4, 14, 1, 150),
(11, 4, 13, 1, 130),
(12, 5, 15, 1, 30),
(13, 5, 13, 1, 130),
(14, 6, 15, 1, 30),
(15, 6, 13, 1, 130),
(16, 7, 18, 1, 30),
(17, 8, 12, 46, 5520),
(18, 9, 16, 1, 30),
(19, 9, 18, 1, 30),
(20, 10, 16, 1, 30),
(21, 10, 18, 3, 90),
(22, 10, 13, 1, 130),
(23, 11, 18, 2, 60),
(24, 11, 16, 8, 240),
(25, 11, 13, 1, 130),
(26, 12, 16, 4, 120),
(27, 12, 18, 1, 30),
(28, 14, 18, 6, 180),
(29, 14, 13, 2, 260),
(30, 14, 14, 7, 1050),
(31, 14, 16, 5, 150),
(32, 15, 18, 4, 120),
(33, 15, 14, 1, 150),
(34, 16, 18, 1, 30),
(35, 16, 13, 3, 390),
(36, 17, 18, 1, 30),
(37, 18, 18, 1, 30),
(38, 19, 18, 1, 30),
(39, 19, 14, 1, 150),
(40, 20, 18, 1, 30),
(41, 20, 13, 1, 130),
(42, 21, 14, 1, 150),
(43, 23, 18, 1, 30),
(44, 24, 18, 1, 30),
(45, 24, 14, 1, 150),
(46, 24, 13, 1, 130),
(47, 25, 18, 2, 60),
(48, 26, 14, 1, 150),
(49, 27, 18, 1, 30),
(50, 28, 18, 1, 30),
(51, 30, 18, 1, 30),
(52, 31, 18, 1, 30),
(53, 32, 18, 2, 60),
(54, 34, 18, 1, 30),
(55, 36, 14, 1, 150),
(56, 37, 18, 1, 30),
(57, 37, 13, 2, 260),
(58, 39, 18, 1, 30),
(59, 40, 18, 1, 30),
(60, 41, 18, 1, 30),
(61, 42, 18, 1, 30),
(62, 43, 18, 1, 30),
(63, 43, 13, 1, 130),
(64, 43, 14, 1, 150),
(65, 48, 14, 1, 150),
(66, 54, 13, 2, 260),
(67, 54, 11, 1, 120),
(68, 59, 14, 1, 150),
(69, 59, 13, 1, 130),
(70, 60, 13, 1, 130),
(71, 60, 14, 1, 150),
(72, 60, 11, 1, 120),
(73, 61, 16, 1, 30),
(74, 61, 15, 1, 30),
(75, 61, 13, 1, 130),
(76, 62, 14, 1, 150),
(77, 62, 18, 2, 60),
(78, 63, 16, 3, 90),
(79, 63, 12, 5, 600),
(80, 64, 16, 1, 30),
(81, 64, 13, 1, 130),
(82, 64, 14, 1, 150),
(83, 64, 12, 1, 120),
(84, 65, 15, 1, 30),
(85, 66, 16, 1, 30),
(86, 67, 15, 1, 30),
(87, 67, 12, 1, 120),
(88, 68, 15, 1, 30),
(89, 68, 18, 1, 30),
(90, 69, 15, 1, 30),
(91, 69, 12, 1, 120),
(92, 69, 14, 1, 150),
(93, 70, 12, 1, 120),
(94, 70, 16, 1, 30),
(95, 71, 16, 1, 30),
(96, 71, 14, 1, 150),
(97, 71, 13, 1, 130),
(98, 72, 15, 1, 30),
(99, 72, 13, 1, 130),
(100, 72, 12, 1, 120),
(101, 72, 14, 1, 150),
(102, 73, 16, 1, 30),
(103, 73, 13, 3, 390),
(104, 74, 15, 1, 30),
(105, 74, 18, 1, 30),
(106, 74, 13, 2, 260),
(107, 75, 15, 1, 30),
(108, 75, 16, 1, 30),
(109, 75, 14, 2, 300),
(110, 76, 12, 1, 120),
(111, 76, 13, 1, 130),
(112, 77, 13, 2, 260),
(113, 77, 14, 1, 150),
(114, 77, 16, 1, 30),
(115, 78, 13, 1, 130),
(116, 78, 14, 1, 150),
(117, 79, 13, 1, 130),
(118, 79, 14, 1, 150),
(119, 79, 18, 1, 30),
(120, 80, 15, 1, 30),
(121, 81, 15, 1, 30),
(122, 81, 14, 1, 150),
(123, 82, 13, 2, 260),
(124, 83, 16, 1, 30),
(125, 83, 13, 1, 130);

-- --------------------------------------------------------

--
-- Table structure for table `tbl_product`
--

CREATE TABLE `tbl_product` (
  `p_id` int(11) NOT NULL,
  `p_name` varchar(150) CHARACTER SET utf8 COLLATE utf8_general_ci NOT NULL,
  `type_id` int(11) NOT NULL,
  `p_price` float(10,2) NOT NULL,
  `p_qty` int(10) NOT NULL,
  `p_img` varchar(255) CHARACTER SET utf8 COLLATE utf8_general_ci NOT NULL,
  `p_date_save` timestamp NOT NULL DEFAULT current_timestamp()
) ENGINE=InnoDB DEFAULT CHARSET=utf8mb4 COLLATE=utf8mb4_general_ci;

--
-- Dumping data for table `tbl_product`
--

INSERT INTO `tbl_product` (`p_id`, `p_name`, `type_id`, `p_price`, `p_qty`, `p_img`, `p_date_save`) VALUES
(11, 'เบียร์ช้าง', 1, 120.00, 50, '115096654520230924_191600.jpg', '2023-09-24 12:16:00'),
(12, 'เบียร์ลีโอ', 1, 120.00, 39, '116176545520230924_191628.jpg', '2023-09-24 12:16:28'),
(13, 'เบียร์สิงห์', 1, 130.00, 33, '165766413520230924_191644.jpg', '2023-09-24 12:16:44'),
(14, 'เบียร์ไฮเนเก้น', 1, 150.00, 39, '77746663520230924_191709.png', '2023-09-24 12:17:09'),
(15, 'เลย์รสบาบีคิว', 2, 30.00, 40, '20100431620230924_191724.jpg', '2023-09-24 12:17:24'),
(16, 'เลย์รสสไปซี่', 2, 30.00, 38, '33685931420231009_161548.jpg', '2023-09-24 12:17:42'),
(18, 'เลย์รสดั้งเดิม', 2, 30.00, 45, '51819039420230924_191822.jpg', '2023-09-24 12:18:22');

-- --------------------------------------------------------

--
-- Table structure for table `tbl_table`
--

CREATE TABLE `tbl_table` (
  `table_id` int(11) NOT NULL,
  `table_name` varchar(50) NOT NULL,
  `table_status` int(1) NOT NULL DEFAULT 0 COMMENT '0 =ว่าง , 1 = จอง , 2 = มีลูกค้า'
) ENGINE=InnoDB DEFAULT CHARSET=utf8 COLLATE=utf8_general_ci;

--
-- Dumping data for table `tbl_table`
--

INSERT INTO `tbl_table` (`table_id`, `table_name`, `table_status`) VALUES
(1, 'A01', 2),
(2, 'A02', 2),
(3, 'A03', 0),
(4, 'A04', 0),
(5, 'A05', 0),
(6, 'B01', 0),
(7, 'B02', 0),
(8, 'B03', 0),
(9, 'B04', 0),
(10, 'B05', 0),
(11, 'C01', 0),
(12, 'C02', 0),
(13, 'C03', 0),
(14, 'C04', 0),
(15, 'C05', 0),
(16, 'D01', 0),
(17, 'D02', 0),
(18, 'D03', 0),
(19, 'D04', 0),
(20, 'D05', 0);

-- --------------------------------------------------------

--
-- Table structure for table `tbl_type`
--

CREATE TABLE `tbl_type` (
  `type_id` int(11) NOT NULL,
  `type_name` varchar(150) CHARACTER SET utf8 COLLATE utf8_general_ci NOT NULL
) ENGINE=InnoDB DEFAULT CHARSET=utf8mb4 COLLATE=utf8mb4_general_ci;

--
-- Dumping data for table `tbl_type`
--

INSERT INTO `tbl_type` (`type_id`, `type_name`) VALUES
(1, 'เครื่องดื่ม'),
(2, 'ของทานเล่น');

--
-- Indexes for dumped tables
--

--
-- Indexes for table `tbl_booking`
--
ALTER TABLE `tbl_booking`
  ADD PRIMARY KEY (`booking_id`);

--
-- Indexes for table `tbl_cart`
--
ALTER TABLE `tbl_cart`
  ADD PRIMARY KEY (`id`);

--
-- Indexes for table `tbl_cart_item`
--
ALTER TABLE `tbl_cart_item`
  ADD PRIMARY KEY (`id`);

--
-- Indexes for table `tbl_member`
--
ALTER TABLE `tbl_member`
  ADD PRIMARY KEY (`mem_id`);

--
-- Indexes for table `tbl_order`
--
ALTER TABLE `tbl_order`
  ADD PRIMARY KEY (`order_id`);

--
-- Indexes for table `tbl_order_detail`
--
ALTER TABLE `tbl_order_detail`
  ADD PRIMARY KEY (`d_id`);

--
-- Indexes for table `tbl_product`
--
ALTER TABLE `tbl_product`
  ADD PRIMARY KEY (`p_id`);

--
-- Indexes for table `tbl_table`
--
ALTER TABLE `tbl_table`
  ADD PRIMARY KEY (`table_id`);

--
-- Indexes for table `tbl_type`
--
ALTER TABLE `tbl_type`
  ADD PRIMARY KEY (`type_id`);

--
-- AUTO_INCREMENT for dumped tables
--

--
-- AUTO_INCREMENT for table `tbl_booking`
--
ALTER TABLE `tbl_booking`
  MODIFY `booking_id` int(11) NOT NULL AUTO_INCREMENT, AUTO_INCREMENT=12;

--
-- AUTO_INCREMENT for table `tbl_cart`
--
ALTER TABLE `tbl_cart`
  MODIFY `id` int(11) NOT NULL AUTO_INCREMENT, AUTO_INCREMENT=104;

--
-- AUTO_INCREMENT for table `tbl_cart_item`
--
ALTER TABLE `tbl_cart_item`
  MODIFY `id` int(11) NOT NULL AUTO_INCREMENT, AUTO_INCREMENT=116;

--
-- AUTO_INCREMENT for table `tbl_member`
--
ALTER TABLE `tbl_member`
  MODIFY `mem_id` int(3) UNSIGNED ZEROFILL NOT NULL AUTO_INCREMENT, AUTO_INCREMENT=41;

--
-- AUTO_INCREMENT for table `tbl_order`
--
ALTER TABLE `tbl_order`
  MODIFY `order_id` int(4) UNSIGNED ZEROFILL NOT NULL AUTO_INCREMENT, AUTO_INCREMENT=84;

--
-- AUTO_INCREMENT for table `tbl_order_detail`
--
ALTER TABLE `tbl_order_detail`
  MODIFY `d_id` int(10) NOT NULL AUTO_INCREMENT, AUTO_INCREMENT=126;

--
-- AUTO_INCREMENT for table `tbl_product`
--
ALTER TABLE `tbl_product`
  MODIFY `p_id` int(11) NOT NULL AUTO_INCREMENT, AUTO_INCREMENT=19;

--
-- AUTO_INCREMENT for table `tbl_table`
--
ALTER TABLE `tbl_table`
  MODIFY `table_id` int(11) NOT NULL AUTO_INCREMENT, AUTO_INCREMENT=21;

--
-- AUTO_INCREMENT for table `tbl_type`
--
ALTER TABLE `tbl_type`
  MODIFY `type_id` int(11) NOT NULL AUTO_INCREMENT, AUTO_INCREMENT=5;
COMMIT;

/*!40101 SET CHARACTER_SET_CLIENT=@OLD_CHARACTER_SET_CLIENT */;
/*!40101 SET CHARACTER_SET_RESULTS=@OLD_CHARACTER_SET_RESULTS */;
/*!40101 SET COLLATION_CONNECTION=@OLD_COLLATION_CONNECTION */;
